{
    "swagger": "2.0",
    "info": {
        "contact": {}
    },
    "paths": {
        "/user/login": {
            "post": {
                "description": "Pass username and password",
                "consumes": [
                    "application/json"
                ],
                "produces": [
                    "application/json"
                ],
                "tags": [
                    "User"
                ],
                "summary": "Login to get bearer token",
                "parameters": [
                    {
                        "type": "string",
                        "description": "User Name",
                        "name": "username",
                        "in": "path",
                        "required": true
                    },
                    {
                        "type": "string",
                        "description": "Password",
                        "name": "password",
                        "in": "path",
                        "required": true
                    }
                ],
                "responses": {
                    "200": {
                        "description": "OK",
                        "schema": {
                            "type": "object",
                            "additionalProperties": true
                        }
                    },
                    "404": {
                        "description": "Not Found",
                        "schema": {
                            "type": "object",
                            "additionalProperties": {
                                "type": "string"
                            }
                        }
                    }
                }
            }
        }
    }
}